Green, Green, 2021-03-24T07:58:31
Green, Green, 2021-03-24T07:58:32
Green, Green, 2021-03-24T07:58:33
Green, Green, 2021-03-24T07:58:34
Green, Green, 2021-03-24T07:58:35
Green, Green, 2021-03-24T07:58:36
Green, Green, 2021-03-24T07:58:37
Green, Green, 2021-03-24T07:58:38
Green, Green, 2021-03-24T07:58:39
Green, Green, 2021-03-24T07:58:40
Green, Red, 2021-03-24T09:51:30
Green, Red, 2021-03-24T09:52:30
Green, Red, 2021-03-24T09:53:30
Green, Red, 2021-03-24T09:54:30
Green, Red, 2021-03-24T09:55:30
Green, Red, 2021-03-24T09:56:30
Green, Red, 2021-03-24T09:57:30
Green, Red, 2021-03-24T09:58:30
Green, Red, 2021-03-24T09:59:30
Green, Red, 2021-03-24T09:50:30
Red, Red, 2021-03-25T11:21:30
Red, Red, 2021-03-25T11:22:30
Red, Red, 2021-03-25T11:23:30
Red, Red, 2021-03-25T11:24:30
Red, Red, 2021-03-25T11:25:30
Red, Red, 2021-03-25T11:26:30
Red, Red, 2021-03-25T11:27:30
Red, Red, 2021-03-25T11:28:30
Red, Red, 2021-03-25T11:29:30
Red, Red, 2021-03-25T11:30:30
Red, Red, 2021-03-25T11:31:30
Red, Red, 2021-03-25T11:32:30
Red, Red, 2021-03-25T11:33:30
Red, Red, 2021-03-25T11:34:30